,Casualities,city,code
0,6, u' Barnsley',BL
1,13, u' Blackburn with Darwen',BB
2,11, u' Blackpool',BP
3,14, u' Bradford',BA
4,5, u' Calderdale',CA
5,32, u' Cheshire East',CH
6,18, u' Cheshire West and Chester',CH
7,9, u' City of London',LO
8,17, u' County Durham',DU
9,32, u' Cumbria',CU
10,1, u' Darlington',DL
11,19, u' Doncaster',DR
12,6, u' East Riding of Yorkshire',EY
13,93, u' Greater Manchester',MA
14,7, u' Halton',HA
15,2, u' Hartlepool',HT
16,3, u' Keighley',BD
17,2, u' Kingston upon Hull',KG
18,8, u' Kirklees',KL
19,4, u' Knowsley',KN
20,1, u' Lancaster',LA
21,97, u' Lancs',LA
23,28, u' Leeds',LS
25,38, u' Liverpool',LP
26,627, u' London',SE
27,3, u' Middlesbrough',TS
28,5, u' North East Lincolnshire',DN
29,1, u' North Lincolnshire',DN
30,35, u' North Yorkshire',HG
31,11, u' Northumberland',NE
32,5, u' Redcar and Cleveland',TS
33,3, u' Rotherham',S
34,8, u' Sefton',SE
35,5, u' Selby',YO
36,14, u' Sheffield',S
37,6, u' St Helens',SN
38,7, u' Stockton-on-Tees',SM
39,1, u' Surrey',SU
40,1, u' Thurrock',TU
41,11, u' Trafford',TR
42,39, u' Tyne and Wear',SR
43,8, u' Wakefield',WE
44,14, u' Warrington',WG
46,18, u' West Midlands Combined Authority',WS
47,10, u' Wirral',CH
48,4, u' York',YK
